{
  "omega0_min": 0.8730939559519283,
  "omega0_max": 1.083641116355843,
  "omega0_mean": 0.9727884093530054,
  "omega0_std": 0.0551217932767245,
  "V_min": -0.09969445340107708,
  "V_max": 0.11085270700283767,
  "V_std": 0.05512179327672451,
  "vg_norm_min": 5.500006614505183e-10,
  "vg_norm_max": 1.1683054164990642e-05,
  "vg_norm_mean": 9.96962111291782e-07,
  "M_inv_min_eig": 0.7708843210501701,
  "M_inv_max_eig": 147.05868299568763,
  "M_inv_mean_eig": 8.700574718309854
}