{
  "candidate_id": 2,
  "lattice_type": "hex",
  "a": 1.0,
  "r_over_a": 0.29,
  "eps_bg": 3.7,
  "band_index": 6,
  "merged_band_index": 13,
  "k_label": "\u0393",
  "k0_x": 0.0,
  "k0_y": 0.0,
  "omega0": 0.8727068901062012,
  "polarization": "merged",
  "dominant_polarization": "TM",
  "local_polarization": "TM",
  "theta_deg": 1.1,
  "theta_rad": 0.019198621771937627,
  "moire_length": 52.087872235793945,
  "eta": 0.019198326924800283
}