{
  "omega0_min": 0.3218605945708069,
  "omega0_max": 0.4310578094708463,
  "omega0_mean": 0.39731498572866586,
  "omega0_std": 0.01838302683934586,
  "V_min": -0.07545439115785896,
  "V_max": 0.03374282374218046,
  "V_std": 0.018383026839345864,
  "vg_norm_min": 1.7518453756606504e-06,
  "vg_norm_max": 0.006817260719498153,
  "vg_norm_mean": 0.0002724916718200317,
  "M_inv_min_eig": 0.2716130557811026,
  "M_inv_max_eig": 344.77942511109455,
  "M_inv_mean_eig": 13.517266709110299
}