{
  "shape": [
    64,
    64
  ],
  "extent": {
    "xMin": -26.043936117896973,
    "xMax": 26.043936117896973,
    "yMin": -26.043936117896973,
    "yMax": 26.043936117896973
  },
  "fields": {
    "V": {
      "offset": 0,
      "min": -0.07419547626225376,
      "max": 0.03398738343026125
    },
    "vg_norm": {
      "offset": 16384,
      "min": 1.5413184047913772e-06,
      "max": 0.004653867189657766
    },
    "M_inv_eig1": {
      "offset": 32768,
      "min": 0.10898798037608315,
      "max": 130.35232562756931
    },
    "M_inv_eig2": {
      "offset": 49152,
      "min": 5.1798878656808505,
      "max": 361.1207013396414
    }
  },
  "totalBytes": 65536
}