{
  "omega0_min": 0.4864848570304082,
  "omega0_max": 0.6442366036415036,
  "omega0_mean": 0.5547346092151181,
  "omega0_std": 0.032005457879057925,
  "V_min": -0.06824975218470986,
  "V_max": 0.08950199442638551,
  "V_std": 0.032005457879057925,
  "vg_norm_min": 4.719690573641226e-10,
  "vg_norm_max": 9.250707630957147e-05,
  "vg_norm_mean": 3.0446474774345016e-07,
  "M_inv_min_eig": -21.734042230306535,
  "M_inv_max_eig": -0.1726634740357964,
  "M_inv_mean_eig": -3.523247587659995
}