{
  "candidate_id": 1945,
  "lattice_type": "hex",
  "a": 1.0,
  "r_over_a": 0.35,
  "eps_bg": 6.0,
  "band_index": 1,
  "k_label": "\u0393",
  "k0_x": 0.0,
  "k0_y": 0.0,
  "omega0": 0.5613142278430665,
  "theta_deg": 1.1,
  "theta_rad": 0.019198621771937627,
  "moire_length": 52.087872235793945,
  "G_magnitude": 0.06964382634112684,
  "eta": 0.019198326924800283
}