{
  "omega0_min": 0.32305628820637466,
  "omega0_max": 0.4312391478988897,
  "omega0_mean": 0.3972517644686284,
  "omega0_std": 0.018365162776999552,
  "V_min": -0.07419547626225376,
  "V_max": 0.03398738343026125,
  "V_std": 0.018365162776999552,
  "vg_norm_min": 1.5413184047913772e-06,
  "vg_norm_max": 0.004653867189657766,
  "vg_norm_mean": 0.00017845820097752232,
  "M_inv_min_eig": 0.10898798037608315,
  "M_inv_max_eig": 361.1207013396414,
  "M_inv_mean_eig": 13.358896325763899
}