{
  "omega0_min": 0.32728342147582096,
  "omega0_max": 0.43732630645502985,
  "omega0_mean": 0.4004285975341867,
  "omega0_std": 0.018047824876634255,
  "V_min": -0.07314517605836574,
  "V_max": 0.03689770892084315,
  "V_std": 0.018047824876634255,
  "vg_norm_min": 4.302063954351686e-07,
  "vg_norm_max": 0.7055165208089056,
  "vg_norm_mean": 0.005119202326412211,
  "M_inv_min_eig": -3.787553227395417,
  "M_inv_max_eig": 454.6612916419879,
  "M_inv_mean_eig": 14.647821889027071
}