{
  "omega0_min": 0.2742114534822875,
  "omega0_max": 0.4823273944856401,
  "omega0_mean": 0.36427464792885134,
  "omega0_std": 0.058133902175797426,
  "V_min": -0.09006319444656385,
  "V_max": 0.11805274655678877,
  "V_std": 0.058133902175797426,
  "vg_norm_min": 2.694636960785819e-10,
  "vg_norm_max": 0.7347592163453244,
  "vg_norm_mean": 0.010133469239079181,
  "M_inv_min_eig": -227.1830634815396,
  "M_inv_max_eig": 155.1241649084332,
  "M_inv_mean_eig": 6.452118583927663
}