{
  "omega0_min": 0.4218783012491968,
  "omega0_max": 0.565913879885044,
  "omega0_mean": 0.4839077148666334,
  "omega0_std": 0.02917795042018183,
  "V_min": -0.062029413617436635,
  "V_max": 0.08200616501841063,
  "V_std": 0.02917795042018183,
  "vg_norm_min": 4.4700050472033285e-10,
  "vg_norm_max": 1.5000767714710856e-05,
  "vg_norm_mean": 1.4541278523094705e-07,
  "M_inv_min_eig": -69.27614792838204,
  "M_inv_max_eig": -0.13160679574220602,
  "M_inv_mean_eig": -2.76762948216886
}