{
  "omega0_min": 0.25463875729941843,
  "omega0_max": 0.4108547435421892,
  "omega0_mean": 0.30970452188431585,
  "omega0_std": 0.04124986093051821,
  "V_min": -0.055065764584897425,
  "V_max": 0.10115022165787335,
  "V_std": 0.04124986093051821,
  "vg_norm_min": 2.1380700346521185e-10,
  "vg_norm_max": 0.7094908030928444,
  "vg_norm_mean": 0.011372538060586657,
  "M_inv_min_eig": -243.7185272224146,
  "M_inv_max_eig": 171.6801905614946,
  "M_inv_mean_eig": 7.9035928325321425
}