{
  "shape": [
    64,
    64
  ],
  "extent": {
    "xMin": -26.043936117896973,
    "xMax": 26.043936117896973,
    "yMin": -26.043936117896973,
    "yMax": 26.043936117896973
  },
  "fields": {
    "V": {
      "offset": 0,
      "min": -0.055065764584897425,
      "max": 0.10115022165787335
    },
    "vg_norm": {
      "offset": 16384,
      "min": 2.1380700346521185e-10,
      "max": 0.7094908030928444
    },
    "M_inv_eig1": {
      "offset": 32768,
      "min": -243.7185272224146,
      "max": 17.49719704260312
    },
    "M_inv_eig2": {
      "offset": 49152,
      "min": -47.80817787571997,
      "max": 171.6801905614946
    }
  },
  "totalBytes": 65536
}