{
  "omega0_min": 0.4507464375037148,
  "omega0_max": 0.6013516566725718,
  "omega0_mean": 0.515725230611506,
  "omega0_std": 0.030527479183096853,
  "V_min": -0.0649787931077912,
  "V_max": 0.08562642606106585,
  "V_std": 0.030527479183096853,
  "vg_norm_min": 7.125683627461306e-10,
  "vg_norm_max": 2.5319036558342206e-05,
  "vg_norm_mean": 2.1427469492647406e-07,
  "M_inv_min_eig": -26.938243700878093,
  "M_inv_max_eig": -0.14907592372255607,
  "M_inv_mean_eig": -3.075246424484181
}