{
  "shape": [
    64,
    64
  ],
  "extent": {
    "xMin": -26.043936117896973,
    "xMax": 26.043936117896973,
    "yMin": -26.043936117896973,
    "yMax": 26.043936117896973
  },
  "fields": {
    "V": {
      "offset": 0,
      "min": -0.0570426011652585,
      "max": 0.018881129854638967
    },
    "vg_norm": {
      "offset": 16384,
      "min": 8.848779105382847e-10,
      "max": 0.5157702732841779
    },
    "M_inv_eig1": {
      "offset": 32768,
      "min": -111.34479212054404,
      "max": 15.301341543911327
    },
    "M_inv_eig2": {
      "offset": 49152,
      "min": -40.643523153194934,
      "max": 252.75745335482804
    }
  },
  "totalBytes": 65536
}