{
  "omega0_min": 0.68183364115691,
  "omega0_max": 0.8125488126429312,
  "omega0_mean": 0.7363532402532567,
  "omega0_std": 0.02708734705085157,
  "V_min": -0.05451959909634663,
  "V_max": 0.07619557238967456,
  "V_std": 0.027087347050851567,
  "vg_norm_min": 8.22983548311481e-10,
  "vg_norm_max": 0.00011400219313416924,
  "vg_norm_mean": 2.892659959540461e-06,
  "M_inv_min_eig": 0.4758778410141752,
  "M_inv_max_eig": 58.33963673138474,
  "M_inv_mean_eig": 3.9084396929059317
}