{
  "omega0_min": 0.3034935254740953,
  "omega0_max": 0.4087106525759829,
  "omega0_mean": 0.37693761343501453,
  "omega0_std": 0.018556619010520116,
  "V_min": -0.07344408796091922,
  "V_max": 0.03177303914096835,
  "V_std": 0.018556619010520116,
  "vg_norm_min": 1.5676095380798463e-08,
  "vg_norm_max": 0.0006523151779663853,
  "vg_norm_mean": 3.123381241002901e-05,
  "M_inv_min_eig": 0.22554874815883275,
  "M_inv_max_eig": 165.89222406685317,
  "M_inv_mean_eig": 8.637333027174618
}