{
  "candidate_id": 15,
  "lattice_type": "hex",
  "a": 1.0,
  "r_over_a": 0.29,
  "eps_bg": 8.700000000000001,
  "band_index": 1,
  "merged_band_index": 3,
  "k_label": "M",
  "k0_x": 0.5,
  "k0_y": 0.0,
  "omega0": 0.3021499216556549,
  "polarization": "merged",
  "dominant_polarization": "TE",
  "local_polarization": "TE",
  "theta_deg": 1.1,
  "theta_rad": 0.019198621771937627,
  "moire_length": 52.087872235793945,
  "eta": 0.019198326924800283
}