{
  "omega0_min": 0.3126052821032304,
  "omega0_max": 0.5215146751428572,
  "omega0_mean": 0.40407983534028796,
  "omega0_std": 0.057890619357469794,
  "V_min": -0.09147455323705755,
  "V_max": 0.11743483980256925,
  "V_std": 0.057890619357469794,
  "vg_norm_min": 8.299223098424905e-11,
  "vg_norm_max": 0.7910463321576177,
  "vg_norm_mean": 0.012694759871492906,
  "M_inv_min_eig": -265.1594841302867,
  "M_inv_max_eig": 217.54897175039605,
  "M_inv_mean_eig": 8.640853913029908
}