{
  "omega0_min": 1.3341846528568961,
  "omega0_max": 1.9814206908808505,
  "omega0_mean": 1.8263691549241412,
  "omega0_std": 0.1314526739188565,
  "V_min": -0.49218450206724507,
  "V_max": 0.15505153595670929,
  "V_std": 0.1314526739188565,
  "vg_norm_min": 9.638440448460337e-05,
  "vg_norm_max": 0.6838371776078375,
  "vg_norm_mean": 0.015860677469083737,
  "M_inv_min_eig": 9.999999983634211e-07,
  "M_inv_max_eig": 72.4631449980425,
  "M_inv_mean_eig": 0.16159931238458236
}