{
  "omega0_min": 0.32265017090662557,
  "omega0_max": 0.4309260910782736,
  "omega0_mean": 0.3974276918568969,
  "omega0_std": 0.018343914844051578,
  "V_min": -0.07477752095027135,
  "V_max": 0.03349839922137671,
  "V_std": 0.018343914844051578,
  "vg_norm_min": 2.77732550519287e-06,
  "vg_norm_max": 0.007571935239175501,
  "vg_norm_mean": 0.0002518015364627014,
  "M_inv_min_eig": 0.27259701558169913,
  "M_inv_max_eig": 286.3176896881838,
  "M_inv_mean_eig": 12.958433411078769
}