{
  "shape": [
    64,
    64
  ],
  "extent": {
    "xMin": -26.043936117896973,
    "xMax": 26.043936117896973,
    "yMin": -26.043936117896973,
    "yMax": 26.043936117896973
  },
  "fields": {
    "V": {
      "offset": 0,
      "min": -0.07516833943836948,
      "max": 0.03278142777062121
    },
    "vg_norm": {
      "offset": 16384,
      "min": 1.6797955166151492e-06,
      "max": 0.005096096719446945
    },
    "M_inv_eig1": {
      "offset": 32768,
      "min": 0.2694701713969946,
      "max": 131.45608829612945
    },
    "M_inv_eig2": {
      "offset": 49152,
      "min": 5.178910770896737,
      "max": 363.7892671844845
    }
  },
  "totalBytes": 65536
}