{
  "omega0_min": 0.6058596475493403,
  "omega0_max": 0.6817833785692378,
  "omega0_mean": 0.6629022487145988,
  "omega0_std": 0.009577146048073902,
  "V_min": -0.0570426011652585,
  "V_max": 0.018881129854638967,
  "V_std": 0.009577146048073902,
  "vg_norm_min": 8.848779105382847e-10,
  "vg_norm_max": 0.5157702732841779,
  "vg_norm_mean": 0.011295915497003216,
  "M_inv_min_eig": -111.34479212054404,
  "M_inv_max_eig": 252.75745335482804,
  "M_inv_mean_eig": 15.053863480949452
}