{
  "candidate_id": 3551,
  "lattice_type": "hex",
  "a": 1.0,
  "r_over_a": 0.48,
  "eps_bg": 8.0,
  "band_index": 7,
  "k_label": "\u0393",
  "k0_x": 0.0,
  "k0_y": 0.0,
  "omega0": 1.3246616751558002,
  "theta_deg": 1.1,
  "theta_rad": 0.019198621771937627,
  "moire_length": 52.087872235793945,
  "G_magnitude": 0.06964382634112684,
  "eta": 0.019198326924800283
}