{
  "omega0_min": 0.2596098048166361,
  "omega0_max": 0.4623313221592674,
  "omega0_mean": 0.3476156127275108,
  "omega0_std": 0.05670991214278909,
  "V_min": -0.0880058079108747,
  "V_max": 0.11471570943175663,
  "V_std": 0.05670991214278909,
  "vg_norm_min": 1.6090345104211176e-10,
  "vg_norm_max": 0.6985782559414627,
  "vg_norm_mean": 0.009353026420839527,
  "M_inv_min_eig": -254.6213913558911,
  "M_inv_max_eig": 152.9147079251539,
  "M_inv_mean_eig": 5.6793496336737785
}