{
  "shape": [
    48,
    48
  ],
  "extent": {
    "xMin": -26.043936117896973,
    "xMax": 26.043936117896973,
    "yMin": -26.043936117896973,
    "yMax": 26.043936117896973
  },
  "fields": {
    "V": {
      "offset": 0,
      "min": -0.07477752095027135,
      "max": 0.03349839922137671
    },
    "vg_norm": {
      "offset": 9216,
      "min": 2.77732550519287e-06,
      "max": 0.007571935239175501
    },
    "M_inv_eig1": {
      "offset": 18432,
      "min": 0.27259701558169913,
      "max": 107.07577403603665
    },
    "M_inv_eig2": {
      "offset": 27648,
      "min": 5.181519192521917,
      "max": 286.3176896881838
    }
  },
  "totalBytes": 36864
}