vector,x,y,z
A1,-0.49999999999980327,52.08547238964424,0.0
A2,-52.08547238964424,-0.4999999999998034,0.0
a1,1.0,0.0,0.0
a2,0.0,1.0,0.0
