parameter,value
grid_nx,8
grid_ny,8
total_size,64
nnz,576
density,0.140625
eta,0.019198326924800287
dx,6.510984029474241
dy,6.510984029474241
omega_ref,0.10477323764140284
V_min,-0.011658630122399385
V_max,2.420358066745898e-09
V_std,0.0022251286660728174
max_v_g,3.186988049985615
