parameter,value
grid_nx,8
grid_ny,8
total_size,64
nnz,576
density,0.140625
eta,0.019198326924800287
dx,6.510984029474241
dy,6.510984029474241
omega_ref,0.1402475560919633
V_min,1.2349227196395418e-10
V_max,0.05846491128458722
V_std,0.013478514921193587
max_v_g,6.079737775764624
