grid_size,n_points,omega_min,omega_max,delta_omega,n_modes
8,64,(0.1765685765066799-0.0005593201390400477j),(0.18285513886079008+0j),(0.006286562354110181+0.0005593201390400477j),10
