parameter,value
grid_nx,8
grid_ny,8
total_size,64
nnz,576
density,0.140625
eta,0.019198326924800287
dx,6.510984029474241
dy,6.510984029474241
omega_ref,0.10477323791205664
V_min,-0.011658633285127035
V_max,-3.3886310424335875e-10
V_std,0.0022251277414900234
max_v_g,3.1869880405527997
