{
  "n_bands": 10,
  "n_points": 118,
  "params": {
    "lattice": "square",
    "polarization": "TE",
    "eps_bg": 11.700000000000001,
    "r_over_a": 0.2
  },
  "symmetry_points": {
    "labels": [
      "Γ",
      "X",
      "M",
      "Γ"
    ],
    "indices": [
      0,
      39,
      78,
      117
    ]
  },
  "k_path": [
    [
      0,
      0
    ],
    [
      0.01282051282051282,
      0
    ],
    [
      0.02564102564102564,
      0
    ],
    [
      0.038461538461538464,
      0
    ],
    [
      0.05128205128205128,
      0
    ],
    [
      0.0641025641025641,
      0
    ],
    [
      0.07692307692307693,
      0
    ],
    [
      0.08974358974358974,
      0
    ],
    [
      0.10256410256410256,
      0
    ],
    [
      0.11538461538461538,
      0
    ],
    [
      0.1282051282051282,
      0
    ],
    [
      0.14102564102564102,
      0
    ],
    [
      0.15384615384615385,
      0
    ],
    [
      0.16666666666666666,
      0
    ],
    [
      0.1794871794871795,
      0
    ],
    [
      0.1923076923076923,
      0
    ],
    [
      0.20512820512820512,
      0
    ],
    [
      0.21794871794871795,
      0
    ],
    [
      0.23076923076923075,
      0
    ],
    [
      0.24358974358974358,
      0
    ],
    [
      0.2564102564102564,
      0
    ],
    [
      0.2692307692307692,
      0
    ],
    [
      0.28205128205128205,
      0
    ],
    [
      0.2948717948717949,
      0
    ],
    [
      0.3076923076923077,
      0
    ],
    [
      0.3205128205128205,
      0
    ],
    [
      0.3333333333333333,
      0
    ],
    [
      0.34615384615384615,
      0
    ],
    [
      0.358974358974359,
      0
    ],
    [
      0.3717948717948718,
      0
    ],
    [
      0.3846153846153846,
      0
    ],
    [
      0.3974358974358974,
      0
    ],
    [
      0.41025641025641024,
      0
    ],
    [
      0.4230769230769231,
      0
    ],
    [
      0.4358974358974359,
      0
    ],
    [
      0.4487179487179487,
      0
    ],
    [
      0.4615384615384615,
      0
    ],
    [
      0.47435897435897434,
      0
    ],
    [
      0.48717948717948717,
      0
    ],
    [
      0.5,
      0
    ],
    [
      0.5,
      0.01282051282051282
    ],
    [
      0.5,
      0.02564102564102564
    ],
    [
      0.5,
      0.038461538461538464
    ],
    [
      0.5,
      0.05128205128205128
    ],
    [
      0.5,
      0.0641025641025641
    ],
    [
      0.5,
      0.07692307692307693
    ],
    [
      0.5,
      0.08974358974358974
    ],
    [
      0.5,
      0.10256410256410256
    ],
    [
      0.5,
      0.11538461538461538
    ],
    [
      0.5,
      0.1282051282051282
    ],
    [
      0.5,
      0.14102564102564102
    ],
    [
      0.5,
      0.15384615384615385
    ],
    [
      0.5,
      0.16666666666666666
    ],
    [
      0.5,
      0.1794871794871795
    ],
    [
      0.5,
      0.1923076923076923
    ],
    [
      0.5,
      0.20512820512820512
    ],
    [
      0.5,
      0.21794871794871795
    ],
    [
      0.5,
      0.23076923076923075
    ],
    [
      0.5,
      0.24358974358974358
    ],
    [
      0.5,
      0.2564102564102564
    ],
    [
      0.5,
      0.2692307692307692
    ],
    [
      0.5,
      0.28205128205128205
    ],
    [
      0.5,
      0.2948717948717949
    ],
    [
      0.5,
      0.3076923076923077
    ],
    [
      0.5,
      0.3205128205128205
    ],
    [
      0.5,
      0.3333333333333333
    ],
    [
      0.5,
      0.34615384615384615
    ],
    [
      0.5,
      0.358974358974359
    ],
    [
      0.5,
      0.3717948717948718
    ],
    [
      0.5,
      0.3846153846153846
    ],
    [
      0.5,
      0.3974358974358974
    ],
    [
      0.5,
      0.41025641025641024
    ],
    [
      0.5,
      0.4230769230769231
    ],
    [
      0.5,
      0.4358974358974359
    ],
    [
      0.5,
      0.4487179487179487
    ],
    [
      0.5,
      0.4615384615384615
    ],
    [
      0.5,
      0.47435897435897434
    ],
    [
      0.5,
      0.48717948717948717
    ],
    [
      0.5,
      0.5
    ],
    [
      0.48717948717948717,
      0.48717948717948717
    ],
    [
      0.47435897435897434,
      0.47435897435897434
    ],
    [
      0.46153846153846156,
      0.46153846153846156
    ],
    [
      0.44871794871794873,
      0.44871794871794873
    ],
    [
      0.4358974358974359,
      0.4358974358974359
    ],
    [
      0.4230769230769231,
      0.4230769230769231
    ],
    [
      0.41025641025641024,
      0.41025641025641024
    ],
    [
      0.39743589743589747,
      0.39743589743589747
    ],
    [
      0.38461538461538464,
      0.38461538461538464
    ],
    [
      0.3717948717948718,
      0.3717948717948718
    ],
    [
      0.358974358974359,
      0.358974358974359
    ],
    [
      0.34615384615384615,
      0.34615384615384615
    ],
    [
      0.33333333333333337,
      0.33333333333333337
    ],
    [
      0.3205128205128205,
      0.3205128205128205
    ],
    [
      0.3076923076923077,
      0.3076923076923077
    ],
    [
      0.2948717948717949,
      0.2948717948717949
    ],
    [
      0.28205128205128205,
      0.28205128205128205
    ],
    [
      0.2692307692307693,
      0.2692307692307693
    ],
    [
      0.2564102564102564,
      0.2564102564102564
    ],
    [
      0.2435897435897436,
      0.2435897435897436
    ],
    [
      0.23076923076923078,
      0.23076923076923078
    ],
    [
      0.21794871794871795,
      0.21794871794871795
    ],
    [
      0.20512820512820512,
      0.20512820512820512
    ],
    [
      0.1923076923076923,
      0.1923076923076923
    ],
    [
      0.17948717948717952,
      0.17948717948717952
    ],
    [
      0.16666666666666669,
      0.16666666666666669
    ],
    [
      0.15384615384615385,
      0.15384615384615385
    ],
    [
      0.14102564102564102,
      0.14102564102564102
    ],
    [
      0.1282051282051282,
      0.1282051282051282
    ],
    [
      0.11538461538461542,
      0.11538461538461542
    ],
    [
      0.10256410256410259,
      0.10256410256410259
    ],
    [
      0.08974358974358976,
      0.08974358974358976
    ],
    [
      0.07692307692307693,
      0.07692307692307693
    ],
    [
      0.0641025641025641,
      0.0641025641025641
    ],
    [
      0.05128205128205132,
      0.05128205128205132
    ],
    [
      0.03846153846153849,
      0.03846153846153849
    ],
    [
      0.02564102564102566,
      0.02564102564102566
    ],
    [
      0.01282051282051283,
      0.01282051282051283
    ],
    [
      0,
      0
    ]
  ],
  "stats": {
    "globalMin": 0,
    "globalMax": 0.6108156442642212,
    "bands": [
      {
        "index": 0,
        "min": 0,
        "max": 0.21061205863952637
      },
      {
        "index": 1,
        "min": 0.17696134746074677,
        "max": 0.30100032687187195
      },
      {
        "index": 2,
        "min": 0.24848572909832,
        "max": 0.34064432978630066
      },
      {
        "index": 3,
        "min": 0.2484915554523468,
        "max": 0.3603644073009491
      },
      {
        "index": 4,
        "min": 0.3325619101524353,
        "max": 0.46374985575675964
      },
      {
        "index": 5,
        "min": 0.4020959734916687,
        "max": 0.4696217477321625
      },
      {
        "index": 6,
        "min": 0.42166584730148315,
        "max": 0.4899827241897583
      },
      {
        "index": 7,
        "min": 0.4772814214229584,
        "max": 0.5213709473609924
      },
      {
        "index": 8,
        "min": 0.4857429265975952,
        "max": 0.5652374029159546
      },
      {
        "index": 9,
        "min": 0.520200252532959,
        "max": 0.6108156442642212
      }
    ]
  },
  "binary": {
    "format": "float32",
    "layout": "band-major",
    "totalBytes": 4720,
    "floatsPerBand": 118
  }
}