{
  "omega0_min": 0.32328345481839216,
  "omega0_max": 0.43123322202738285,
  "omega0_mean": 0.39845179425676164,
  "omega0_std": 0.01786078795394152,
  "V_min": -0.07516833943836948,
  "V_max": 0.03278142777062121,
  "V_std": 0.01786078795394152,
  "vg_norm_min": 1.6797955166151492e-06,
  "vg_norm_max": 0.005096096719446945,
  "vg_norm_mean": 0.00019469243368716547,
  "M_inv_min_eig": 0.2694701713969946,
  "M_inv_max_eig": 363.7892671844845,
  "M_inv_mean_eig": 14.566713654060969
}