job_index,eps_bg,resolution,polarization,atom0_pos_x,atom0_pos_y,atom0_radius,atom0_eps_inside,k_index,kx,ky,k_distance,band1,band2,band3,band4
0,8.000000,16,TM,0.500000,0.500000,0.300000,1.000000,0,0,0,0,0,0.4128035846078959,0.4281631469153833,0.42822756655087135
0,8.000000,16,TM,0.500000,0.500000,0.300000,1.000000,1,0.5,0,0.5,0.21863384123910634,0.44451800960373133,0.39859194332937553,0.2532519027613347
