{
  "omega0_min": 0.3979284805262092,
  "omega0_max": 0.5360185328324505,
  "omega0_mean": 0.45731960796622634,
  "omega0_std": 0.027961309657602535,
  "V_min": -0.05939112744001712,
  "V_max": 0.07869892486622415,
  "V_std": 0.027961309657602535,
  "vg_norm_min": 9.642959938518294e-11,
  "vg_norm_max": 1.3644168364790432e-05,
  "vg_norm_mean": 1.2351116948686636e-07,
  "M_inv_min_eig": -67.12121802842269,
  "M_inv_max_eig": -0.11890835230710994,
  "M_inv_mean_eig": -2.5595449392564404
}