{
  "omega0_min": 0.2915557183383149,
  "omega0_max": 0.5050626699545403,
  "omega0_mean": 0.38305591123109217,
  "omega0_std": 0.058883913774145084,
  "V_min": -0.09150019289277728,
  "V_max": 0.12200675872344813,
  "V_std": 0.058883913774145084,
  "vg_norm_min": 2.2292194374508698e-10,
  "vg_norm_max": 0.6748087828355478,
  "vg_norm_mean": 0.011026157849093979,
  "M_inv_min_eig": -238.37807292621568,
  "M_inv_max_eig": 173.36531416638746,
  "M_inv_mean_eig": 7.370034218992973
}