{
  "omega0_min": 0.6815995129217779,
  "omega0_max": 0.8123561957426596,
  "omega0_mean": 0.736262262617725,
  "omega0_std": 0.027165957210419894,
  "V_min": -0.05466274969594709,
  "V_max": 0.07609393312493462,
  "V_std": 0.02716595721041989,
  "vg_norm_min": 4.437708783704039e-09,
  "vg_norm_max": 2.9088022173507647e-06,
  "vg_norm_mean": 1.7182287952697525e-07,
  "M_inv_min_eig": 0.5199789271117606,
  "M_inv_max_eig": 13.007605942150839,
  "M_inv_mean_eig": 2.8656415968374924,
  "pipeline_version": "V2",
  "coordinate_system": "fractional"
}