{
  "shape": [
    64,
    64
  ],
  "extent": {
    "xMin": -26.043936117896973,
    "xMax": 26.043936117896973,
    "yMin": -26.043936117896973,
    "yMax": 26.043936117896973
  },
  "fields": {
    "V": {
      "offset": 0,
      "min": -0.07314517605836574,
      "max": 0.03689770892084315
    },
    "vg_norm": {
      "offset": 16384,
      "min": 4.302063954351686e-07,
      "max": 0.7055165208089056
    },
    "M_inv_eig1": {
      "offset": 32768,
      "min": -3.787553227395417,
      "max": 16.860801576592948
    },
    "M_inv_eig2": {
      "offset": 49152,
      "min": 5.238213073990118,
      "max": 454.6612916419879
    }
  },
  "totalBytes": 65536
}